pos,A,C,D,E,F,G,H,I,K,L,M,N,P,Q,R,S,T,V,W,Y,OTHER,MAX AA,ConSurf Grade
1,10.714,,3.571,,,7.143,,,1.786,,55.357,,3.571,,1.786,5.357,10.714,,,,,M 55.357,3
2,14.925,,,1.493,,5.970,,,1.493,,16.418,7.463,2.985,,2.985,17.910,28.358,,,,,T 28.358,1
3,33.824,,2.941,,,4.412,,,,,1.471,1.471,2.941,,1.471,8.824,23.529,19.118,,,,A 33.824,1
4,10.294,,2.941,2.941,,1.471,,,8.824,,,,10.294,1.471,30.882,17.647,10.294,2.941,,,,R 30.882,1
5,23.529,,,,,,,1.471,,,,,11.765,1.471,,,13.235,48.529,,,,V 48.529,1
6,10.000,,,,,,,1.429,,5.714,2.857,,,,,,,80.000,,,,V 80.000,7
7,,,,,4.286,,,21.429,,,,,,,,,,74.286,,,,V 74.286,7
8,,,,,,,,,,,,,,,,1.429,98.571,,,,,T 98.571,9
9,,,,,,100.000,,,,,,,,,,,,,,,,G 100.000,9
10,,,,,1.429,,,30.000,,57.143,7.143,1.429,,,,,,2.857,,,,L 57.143,4
11,,,,,,97.143,,,,,,,,,1.429,1.429,,,,,,G 97.143,8
12,2.857,,,,,,,12.857,,4.286,,,,,,,1.429,78.571,,,,V 78.571,6
13,48.571,,,,1.429,,,8.571,,1.429,1.429,,,,,,14.286,24.286,,,,A 48.571,4
14,84.286,,,,,,,,,,,,,,,8.571,7.143,,,,,A 84.286,8
15,,,,,,,,,,,,,100.000,,,,,,,,,P 100.000,9
16,1.429,,,,,,5.714,,,,,75.714,,,,2.857,14.286,,,,,N 75.714,8
17,,,,,,100.000,,,,,,,,,,,,,,,,G 100.000,9
18,,1.429,,,1.429,,,1.429,,81.429,2.857,,,2.857,,,2.857,4.286,1.429,,,L 81.429,5
19,,,2.857,,,92.857,,,,,,1.429,,,,2.857,,,,,,G 92.857,7
20,15.942,,,,,1.449,,1.449,,7.246,,,,,2.899,1.449,47.826,21.739,,,,T 47.826,1
21,12.857,,11.429,42.857,,4.286,,,7.143,,,,,10.000,8.571,1.429,1.429,,,,,E 42.857,1
22,30.000,,35.714,12.857,,,,,,,,1.429,4.286,1.429,7.143,4.286,2.857,,,,,D 35.714,1
23,,,,,18.571,,11.429,,,,,,,,,,,,7.143,62.857,,Y 62.857,5
24,,,,,,,,,,,,,,,,,,,100.000,,,W 100.000,9
25,50.000,,8.571,5.714,,,,,2.857,,,1.429,,2.857,2.857,22.857,2.857,,,,,A 50.000,1
26,85.714,,,,,,,,,,,1.429,,,5.714,4.286,1.429,1.429,,,,A 85.714,8
27,1.429,,,,,,,1.429,,,,,,,,1.429,87.143,8.571,,,,T 87.143,8
28,,1.429,,,,,,,,48.571,,,,,38.571,,1.429,10.000,,,,L 48.571,3
29,35.714,,,7.143,,5.714,1.429,5.714,8.571,,,,,,18.571,4.286,4.286,8.571,,,,A 35.714,1
30,1.429,,,,,98.571,,,,,,,,,,,,,,,,G 98.571,9
31,7.143,,4.286,12.857,,,,4.286,30.000,1.429,,,,2.857,22.857,,10.000,4.286,,,,K 30.000,1
32,2.857,1.429,,,,8.571,1.429,,,,,14.286,,,,70.000,1.429,,,,,S 70.000,7
33,28.571,,,,,70.000,,,,,1.429,,,,,,,,,,,G 70.000,7
34,,,,,,,,94.286,,4.286,,,,,,,,1.429,,,,I 94.286,9
35,17.143,,2.857,,,68.571,,,,,,,,,11.429,,,,,,,G 68.571,1
36,,,,4.286,,,,,,,,,38.571,1.429,54.286,,,1.429,,,,R 54.286,1
37,1.429,,,,,,,38.571,,18.571,1.429,,,,,,,40.000,,,,V 40.000,2
38,,,1.429,1.429,,1.429,,,4.286,,,,,1.429,5.714,24.286,60.000,,,,,T 60.000,3
39,2.857,,,,,,7.143,,,1.429,,,,,87.143,1.429,,,,,,R 87.143,8
40,,,,,100.000,,,,,,,,,,,,,,,,,F 100.000,9
41,2.857,,90.000,1.429,,,,,,,,,,,,,1.429,4.286,,,,D 90.000,8
42,41.429,,,,,,,,,,,,51.429,,,1.429,1.429,4.286,,,,P 51.429,2
43,10.000,,10.000,5.714,,4.286,1.429,,,,,,,,4.286,48.571,15.714,,,,,S 48.571,1
44,5.714,,1.429,,,40.000,,,1.429,,,,8.571,14.286,21.429,7.143,,,,,,G 40.000,1
45,,,,,,,2.857,,,,,,,,,,,,,97.143,,Y 97.143,9
46,1.429,,,,,,,,,,,,84.286,1.429,5.714,4.286,2.857,,,,,P 84.286,6
47,64.286,1.429,,,,2.857,,,,,,,,,,24.286,,7.143,,,,A 64.286,6
48,1.429,,,,,1.429,1.429,,15.714,,,,,15.714,48.571,4.286,8.571,2.857,,,,R 48.571,1
49,,,,,,,,2.857,,92.857,,,,,,,1.429,2.857,,,,L 92.857,8
50,92.857,,,,,5.714,,,,,,,,,,,1.429,,,,,A 92.857,9
51,1.429,,,,,98.571,,,,,,,,,,,,,,,,G 98.571,9
52,,,,94.286,,,,,,,,,,4.286,,,,1.429,,,,E 94.286,9
53,,,,,,,,48.571,,,,,,,,,,51.429,,,,V 51.429,6
54,8.824,,7.353,1.471,,1.471,2.941,,5.882,1.471,,2.941,42.647,2.941,11.765,1.471,8.824,,,,,P 42.647,1
55,1.429,,17.143,7.143,2.857,67.143,,,,,,,,,,1.429,1.429,1.429,,,,G 67.143,1
56,,,,,92.754,,,,,1.449,,,,,,1.449,1.449,,,2.899,,F 92.754,8
57,5.970,,23.881,25.373,,,1.493,,,,,1.493,,,,5.970,10.448,25.373,,,,EV 25.373,1
58,64.286,,4.286,,,2.857,,,,,,,27.143,,,,,1.429,,,,A 64.286,5
59,28.571,,2.857,31.429,,2.857,,,8.571,2.857,,,4.286,1.429,11.429,4.286,1.429,,,,,E 31.429,1
60,14.286,,37.143,40.000,,4.286,,,,,,1.429,,1.429,1.429,,,,,,,E 40.000,1
61,1.429,,,,,,84.286,,,4.286,,,,1.429,5.714,,,,,2.857,,H 84.286,7
62,,,,,1.429,,,12.857,,84.286,,,,,,,,1.429,,,,L 84.286,8
63,1.429,,,,,,,,,,,,95.714,,,2.857,,,,,,P 95.714,8
64,4.286,,1.429,,,37.143,,,,,,5.714,,,1.429,48.571,,1.429,,,,S 48.571,3
65,,,,,,,,,,,,,,,100.000,,,,,,,R 100.000,9
66,,,,,,,,,,100.000,,,,,,,,,,,,L 100.000,9
67,,,,,,,1.429,17.143,,68.571,5.714,,,,,,,7.143,,,,L 68.571,4
68,2.857,,,,,,,,,,,,95.714,,1.429,,,,,,,P 95.714,8
69,1.429,,,,,,,,,,,,,98.571,,,,,,,,Q 98.571,9
70,,,,,,,,,,,,,,,,,100.000,,,,,T 100.000,9
71,,,100.000,,,,,,,,,,,,,,,,,,,D 100.000,9
72,,,,,,,44.286,,,4.286,,,,,51.429,,,,,,,R 51.429,7
73,,,,,,1.429,,,,1.429,87.143,,,,,1.429,,8.571,,,,M 87.143,8
74,,,,,,,,,,,,,,,,,100.000,,,,,T 100.000,9
75,,,,,,,,,,,,,,30.000,70.000,,,,,,,R 70.000,8
76,,,,,1.429,,1.429,1.429,,84.286,8.571,,,,,,,2.857,,,,L 84.286,6
77,90.000,,,,,,,,,,,,,,,10.000,,,,,,A 90.000,8
78,,,,,,,,,,100.000,,,,,,,,,,,,L 100.000,9
79,18.571,,,,,,,2.857,,2.857,,,,,,,4.286,68.571,,2.857,,V 68.571,5
80,84.286,,,,,2.857,,,,,,,,,,7.143,1.429,4.286,,,,A 84.286,7
81,87.143,,,,,1.429,,,,,,,,,,1.429,10.000,,,,,A 87.143,8
82,4.286,,77.143,14.286,,1.429,,,,,,,,1.429,1.429,,,,,,,D 77.143,7
83,1.429,4.286,1.429,21.429,1.429,,1.429,,,,,,,4.286,2.857,1.429,,,60.000,,,W 60.000,4
84,100.000,,,,,,,,,,,,,,,,,,,,,A 100.000,9
85,,,,,24.286,,,8.571,,62.857,,,,,,,,4.286,,,,L 62.857,4
86,54.286,,5.714,14.286,,4.286,,,4.286,1.429,,,,7.143,5.714,2.857,,,,,,A 54.286,1
87,,,100.000,,,,,,,,,,,,,,,,,,,D 100.000,9
88,90.000,,,,,,,,,,,,,,,8.571,1.429,,,,,A 90.000,8
89,10.000,,4.286,,,75.714,,,1.429,,,,,,7.143,1.429,,,,,,G 75.714,1
90,10.000,,,,,,,18.571,,8.571,,,,,,,1.429,61.429,,,,V 61.429,4
91,2.857,,40.000,8.571,,,1.429,1.429,5.714,,,2.857,,1.429,17.143,1.429,10.000,7.143,,,,D 40.000,1
92,1.429,,,,,,,,,14.286,,,77.143,,1.429,,2.857,2.857,,,,P 77.143,3
93,30.000,,8.571,15.714,,20.000,,,1.429,,,,,4.286,8.571,8.571,2.857,,,,,A 30.000,1
94,14.286,,14.286,38.571,,1.429,1.429,,2.857,,,4.286,,5.714,5.714,1.429,10.000,,,,,E 38.571,1
95,,,,,1.429,,,5.714,,70.000,11.429,,,2.857,2.857,,1.429,1.429,2.857,,,L 70.000,4
96,11.429,,8.571,,,2.857,,,,,,,72.857,1.429,,2.857,,,,,,P 72.857,1
97,14.286,,12.857,54.286,,4.286,,,,,,,5.714,2.857,1.429,4.286,,,,,,E 54.286,3
98,,,,,51.429,,1.429,,,,,1.429,,,,,1.429,,,44.286,,F 51.429,3
99,20.000,,38.571,7.143,,20.000,,,,,,,,1.429,,10.000,2.857,,,,,D 38.571,3
100,18.571,1.429,,,,,,1.429,,4.286,62.857,,,,1.429,,2.857,7.143,,,,M 62.857,6
101,,,,,,98.571,,,,,,,,,,1.429,,,,,,G 98.571,9
102,1.429,,,,,,,,,,,,,,,,1.429,97.143,,,,V 97.143,9
103,2.857,2.857,,,,,,21.429,,1.429,1.429,,,,,8.571,,61.429,,,,V 61.429,5
104,,,,,,,,,,,,,,,,2.857,95.714,1.429,,,,T 95.714,9
105,95.714,,,,,,,,,,,,,,,2.857,1.429,,,,,A 95.714,9
106,18.571,,,,,2.857,,,,,,1.429,,,,75.714,,1.429,,,,S 75.714,8
107,11.429,,,,,4.286,2.857,,,,,,,,,72.857,7.143,1.429,,,,S 72.857,7
108,42.857,,,,,4.286,,,,,2.857,,,2.857,,45.714,1.429,,,,,S 45.714,6
109,,,,,,100.000,,,,,,,,,,,,,,,,G 100.000,9
110,1.429,,,,,98.571,,,,,,,,,,,,,,,,G 98.571,9
111,,,,,94.286,,,,,1.429,1.429,,,,,1.429,,1.429,,,,F 94.286,8
112,7.143,,2.857,90.000,,,,,,,,,,,,,,,,,,E 90.000,9
113,,,,,98.571,,,,,1.429,,,,,,,,,,,,F 98.571,9
114,2.857,,,,,92.857,,,,,,,,,,4.286,,,,,,G 92.857,8
115,,,,4.286,,,10.000,,,,,,,85.714,,,,,,,,Q 85.714,9
116,,,,,,11.429,2.857,,8.571,,,24.286,,1.429,51.429,,,,,,,R 51.429,5
117,,,,98.571,,,,,,,,,,1.429,,,,,,,,E 98.571,9
118,,,,,,,,,,97.143,2.857,,,,,,,,,,,L 97.143,9
119,1.429,,4.286,18.571,,,2.857,,10.000,,,,,41.429,21.429,,,,,,,Q 41.429,3
120,41.429,,,1.429,,,1.429,,28.571,1.429,,24.286,,,1.429,,,,,,,A 41.429,4
121,,,,,,,,,,97.143,1.429,,,1.429,,,,,,,,L 97.143,9
122,,1.408,,,,1.408,,,,,1.408,,,,,,,,95.775,,,W 95.775,8
123,2.817,,,,,4.225,2.817,,,,,,,,9.859,80.282,,,,,,S 80.282,7
124,2.817,,2.817,2.817,,,,,52.113,4.225,,,,22.535,9.859,,2.817,,,,,K 52.113,2
125,,,,,,100.000,,,,,,,,,,,,,,,,G 100.000,9
126,2.817,,,,,39.437,,,1.408,,,,15.493,,,39.437,,,1.408,,,GS 39.437,3
127,5.634,,,15.493,,1.408,2.817,,8.451,,,1.408,,38.028,21.127,5.634,,,,,,Q 38.028,3
128,,,,,7.042,,26.761,,,,,,,,1.408,1.408,,,,63.380,,Y 63.380,4
129,,,,,,,,,,1.408,,,,,,,,98.592,,,,V 98.592,9
130,,,,,,,,,,,,,,,,100.000,,,,,,S 100.000,9
131,91.549,,,,,,,,,,,,1.408,,,4.225,,2.817,,,,A 91.549,8
132,,,,,,,,,,,,,,,,,,,,100.000,,Y 100.000,9
133,1.408,,,,,,,,,,1.408,,,97.183,,,,,,,,Q 97.183,9
134,1.408,,,,,,,,,,,,,,,98.592,,,,,,S 98.592,9
135,,,,,97.183,,,,,,,,,,,,,,,2.817,,F 97.183,9
136,100.000,,,,,,,,,,,,,,,,,,,,,A 100.000,9
137,,,,,,,,,,,,,,,,,,,100.000,,,W 100.000,9
138,,,,,98.592,,,,,,,,,,,,,,,1.408,,F 98.592,9
139,,,,,,,,,,,,,2.817,,,,,,,97.183,,Y 97.183,9
140,90.141,,,,,,,,,,,,8.451,,,,1.408,,,,,A 90.141,9
141,1.408,,,,,,,,,,,,,,,,,98.592,,,,V 98.592,9
142,,,,,,,1.408,,,,,98.592,,,,,,,,,,N 98.592,9
143,,,,,,,,,,,,,,,,53.521,46.479,,,,,S 53.521,7
144,,,,,,100.000,,,,,,,,,,,,,,,,G 100.000,9
145,,,,,,,,,,,,,,100.000,,,,,,,,Q 100.000,9
146,,,,,,,,92.958,,1.408,,,,,,,,5.634,,,,I 92.958,8
147,2.817,,,,,,,,,,,,,,,97.183,,,,,,S 97.183,9
148,,,,,,,,98.592,,,,,,,,,,1.408,,,,I 98.592,9
149,,,,,,1.408,,,,,,,,,98.592,,,,,,,R 98.592,9
150,,,,,,,46.479,,,,,50.704,,,,1.408,,,,1.408,,N 50.704,8
151,,,8.451,,,85.915,,,1.408,,,1.408,,,1.408,1.408,,,,,,G 85.915,5
152,,,,,,,,,,29.577,69.014,,,,,1.408,,,,,,M 69.014,7
153,,,,,,,,,25.352,,,,,4.225,70.423,,,,,,,R 70.423,8
154,,,,,,100.000,,,,,,,,,,,,,,,,G 100.000,9
155,1.408,,,,,,2.817,,,,,,90.141,,,2.817,,,,2.817,,P 90.141,7
156,4.225,4.225,,,,14.085,,1.408,,,,2.817,,,,73.239,,,,,,S 73.239,6
157,2.817,,,,,81.690,,,,,,,,,,15.493,,,,,,G 81.690,5
158,14.085,,,,,,,,,,,,,,,,2.817,83.099,,,,V 83.099,8
159,,,,,1.408,,,1.408,,36.620,,,,,,,,60.563,,,,V 60.563,5
160,1.408,,,,,,,1.408,,1.408,,,,,,,,95.775,,,,V 95.775,9
161,8.451,,,,,8.451,,,,,,,,,,56.338,26.761,,,,,S 56.338,7
162,,,69.014,30.986,,,,,,,,,,,,,,,,,,D 69.014,8
163,1.408,,,1.408,,1.408,8.451,,,,,,,87.324,,,,,,,,Q 87.324,8
164,100.000,,,,,,,,,,,,,,,,,,,,,A 100.000,9
165,1.408,,,,,98.592,,,,,,,,,,,,,,,,G 98.592,9
166,,,,,,100.000,,,,,,,,,,,,,,,,G 100.000,9
167,,,,,,,,2.817,,97.183,,,,,,,,,,,,L 97.183,9
168,,,100.000,,,,,,,,,,,,,,,,,,,D 100.000,9
169,97.183,,,,,,,,,,,,,,,1.408,,1.408,,,,A 97.183,9
170,1.408,,,,,,,21.127,,29.577,,,,,,,,47.887,,,,V 47.887,2
171,85.915,,,,,12.676,,,,,,,,,,1.408,,,,,,A 85.915,8
172,1.408,,,,1.408,,11.268,,11.268,,,2.817,,71.831,,,,,,,,Q 71.831,7
173,97.183,,,,,,,,,,,,,,,2.817,,,,,,A 97.183,9
174,1.408,,,,,1.408,,,,,,,,,97.183,,,,,,,R 97.183,9
175,,,,,,,,,,,,,,,100.000,,,,,,,R 100.000,9
176,1.408,,,,,,16.901,,,9.859,,,,64.789,5.634,1.408,,,,,,Q 64.789,5
177,,,,,,,,60.563,,18.310,,,,,,,,21.127,,,,I 60.563,6
178,,1.408,,,,,,,,,,,,,98.592,,,,,,,R 98.592,9
179,1.408,,9.859,2.817,,4.225,,,57.746,,,,,2.817,18.310,1.408,1.408,,,,,K 57.746,2
180,,,1.408,1.408,,97.183,,,,,,,,,,,,,,,,G 97.183,8
181,4.225,,,,,,,2.817,,7.042,,,,,,14.085,67.606,4.225,,,,T 67.606,5
182,12.676,,2.817,1.408,,4.225,,,8.451,1.408,,2.817,26.761,5.634,21.127,9.859,2.817,,,,,P 26.761,1
183,5.634,,,,,,,,,69.014,8.451,,,1.408,,,2.817,12.676,,,,L 69.014,4
184,2.817,,,,,,,33.803,,1.408,29.577,,,,,,,32.394,,,,I 33.803,6
185,2.817,4.225,,,1.408,,,4.225,,19.718,7.042,,,,,,1.408,59.155,,,,V 59.155,5
186,21.127,2.817,,,,,,,,,,,,,,47.887,28.169,,,,,S 47.887,6
187,,,,,,100.000,,,,,,,,,,,,,,,,G 100.000,9
188,30.986,,,,,64.789,,,,,,,,,,4.225,,,,,,G 64.789,4
189,,1.408,,,9.859,,,12.676,,,5.634,,,,,,,70.423,,,,V 70.423,5
190,,,97.183,2.817,,,,,,,,,,,,,,,,,,D 97.183,9
191,54.930,,,,,36.620,,,,,,,,,,8.451,,,,,,A 54.930,7
192,12.676,,,,,,,,,4.225,1.408,,2.817,,,77.465,,,1.408,,,S 77.465,7
193,,,,,,,,35.211,,46.479,,,7.042,,,,,11.268,,,,L 46.479,5
194,,91.549,,,,,,,,,,,,,,7.042,1.408,,,,,C 91.549,7
195,,,,,,,,,,,,,84.507,,,11.268,4.225,,,,,P 84.507,6
196,,,,,,,,,,7.042,,,,,,,,,88.732,4.225,,W 88.732,6
197,1.408,,,,,94.366,,,,,,,,,,4.225,,,,,,G 94.366,9
198,,,,,,,,,,7.042,1.408,,,,,,,,91.549,,,W 91.549,8
199,11.268,,,,,1.408,,5.634,,8.451,,,,,,1.408,8.451,63.380,,,,V 63.380,6
200,73.239,8.451,,,,12.676,,,,,,,1.408,,,2.817,,1.408,,,,A 73.239,7
201,,,,,,,9.859,1.408,,8.451,5.634,,,73.239,1.408,,,,,,,Q 73.239,7
202,,,,,,,4.225,4.225,,63.380,14.085,,,2.817,,4.225,4.225,2.817,,,,L 63.380,4
203,52.113,,,,,,1.408,,,,,,1.408,,8.451,14.085,21.127,1.408,,,,A 52.113,4
204,5.634,,1.408,,,22.535,,,,,,4.225,,,,56.338,9.859,,,,,S 56.338,4
205,,,12.676,1.408,,69.014,,,2.817,,,5.634,1.408,,5.634,,1.408,,,,,G 69.014,1
206,4.225,1.408,,,1.408,2.817,,,,5.634,1.408,,,1.408,78.873,,2.817,,,,,R 78.873,6
207,,,,,,,,12.676,,69.014,12.676,,,,,,,5.634,,,,L 69.014,3
208,,,,,,,,,,,,,,,,92.958,7.042,,,,,S 92.958,9
209,1.408,,,2.817,,2.817,2.817,,,,,,2.817,,5.634,4.225,74.648,2.817,,,,T 74.648,5
210,17.143,,5.714,4.286,,12.857,,,,,,,,,10.000,41.429,2.857,5.714,,,,S 41.429,1
211,8.571,,35.714,21.429,,1.429,1.429,,1.429,,,2.857,,1.429,8.571,5.714,11.429,,,,,D 35.714,1
212,1.429,,67.143,17.143,,,,,,,,1.429,,1.429,10.000,,,1.429,,,,D 67.143,5
213,4.286,,,,,,,,,,,,94.286,,,,1.429,,,,,P 94.286,8
214,27.143,,20.000,25.714,,2.857,1.429,,,,,,,2.857,14.286,1.429,4.286,,,,,A 27.143,1
215,1.408,1.408,4.225,1.408,,,4.225,,1.408,1.408,,,,1.408,73.239,5.634,4.225,,,,,R 73.239,4
216,97.183,,,,,2.817,,,,,,,,,,,,,,,,A 97.183,9
217,,,,,4.225,1.408,,,,,,,,,,,,,,94.366,,Y 94.366,8
218,,,,,,,,,,85.915,,,,,7.042,,,7.042,,,,L 85.915,7
219,,,,,,,,,,,,,100.000,,,,,,,,,P 100.000,9
220,,,,,100.000,,,,,,,,,,,,,,,,,F 100.000,9
221,4.225,1.408,81.690,,,1.408,1.408,,,,,,,,,9.859,,,,,,D 81.690,6
222,45.070,,12.676,11.268,,2.817,,,,,,,5.634,1.408,14.085,,4.225,2.817,,,,A 45.070,1
223,30.986,,23.944,11.268,,9.859,,,1.408,,,,,,16.901,4.225,1.408,,,,,A 30.986,1
224,98.592,,,,,,,,,,,,,,,1.408,,,,,,A 98.592,9
225,29.577,1.408,5.634,,,5.634,2.817,,,,,5.634,,1.408,21.127,23.944,2.817,,,,,A 29.577,1
226,,,,,,100.000,,,,,,,,,,,,,,,,G 100.000,9
227,,,,1.408,2.817,1.408,57.746,,,,1.408,,,1.408,,1.408,,,,32.394,,H 57.746,4
228,,,,,,,,,,,,,,,,,,100.000,,,,V 100.000,9
229,11.268,,,,,,,,,1.408,,,83.099,,,,,4.225,,,,P 83.099,5
230,1.408,,,,,98.592,,,,,,,,,,,,,,,,G 98.592,9
231,,,2.817,97.183,,,,,,,,,,,,,,,,,,E 97.183,9
232,,,,,,100.000,,,,,,,,,,,,,,,,G 100.000,9
233,,,,,,100.000,,,,,,,,,,,,,,,,G 100.000,9
234,100.000,,,,,,,,,,,,,,,,,,,,,A 100.000,9
235,,,,,2.817,,1.408,28.169,,59.155,2.817,,,,,,,2.817,,2.817,,L 59.155,4
236,,,,,7.042,,1.408,,,87.324,1.408,,,,,,,2.817,,,,L 87.324,7
237,,,,,,,,33.803,,,,,,,,,4.225,61.972,,,,V 61.972,6
238,1.408,,,,,,,1.408,,64.789,15.493,,,,,,,16.901,,,,L 64.789,2
239,,,,100.000,,,,,,,,,,,,,,,,,,E 100.000,9
240,2.817,,52.113,11.268,,,,,,,,2.817,4.225,,5.634,16.901,4.225,,,,,D 52.113,1
241,45.070,,2.817,14.085,,9.859,,,,12.676,,,11.268,1.408,1.408,,,1.408,,,,A 45.070,1
242,18.310,1.408,14.085,43.662,,5.634,,,,,,,,,7.042,4.225,2.817,2.817,,,,E 43.662,1
243,39.437,,1.408,,,7.042,7.042,,,2.817,,,1.408,5.634,5.634,28.169,1.408,,,,,A 39.437,2
244,98.592,,,,,,,,,,,,,,1.408,,,,,,,A 98.592,9
245,11.268,,1.408,4.225,,,1.408,1.408,1.408,1.408,,,1.408,1.408,71.831,,,1.408,1.408,,,R 71.831,4
246,43.662,,1.408,29.577,,2.817,,,1.408,,,,,1.408,14.085,5.634,,,,,,A 43.662,1
247,,,,,,1.408,,,,,,,,,98.592,,,,,,,R 98.592,9
248,1.408,,4.225,,,87.324,,,,,,,1.408,2.817,1.408,1.408,,,,,,G 87.324,5
249,84.507,,1.408,,,1.408,,,,,,,1.408,1.408,,,,9.859,,,,A 84.507,8
250,4.225,,,4.225,,,5.634,,4.225,,,1.408,1.408,12.676,49.296,7.042,9.859,,,,,R 49.296,1
251,1.408,1.408,1.408,,,1.408,1.408,23.944,,1.408,,,8.451,,2.817,2.817,5.634,40.845,7.042,,,V 40.845,1
252,,,,,,,9.859,,,1.408,,,1.408,,,,,,,87.324,,Y 87.324,7
253,5.634,,,,,94.366,,,,,,,,,,,,,,,,G 94.366,8
254,2.817,,,66.197,,,,,,2.817,,,,4.225,16.901,,2.817,4.225,,,,E 66.197,3
255,,,,,2.817,,,70.423,,11.268,,,,,,,,15.493,,,,I 70.423,6
256,90.141,,1.408,,,,,,,2.817,,,,,,4.225,,1.408,,,,A 90.141,8
257,,,,,,100.000,,,,,,,,,,,,,,,,G 100.000,9
258,,,,,,,8.451,,,,,,,2.817,,,,,,88.732,,Y 88.732,7
259,47.887,1.408,,,,49.296,,,,,,,,,,1.408,,,,,,G 49.296,5
260,64.789,,,,,,,,,,,,,,,32.394,2.817,,,,,A 64.789,5
261,2.817,,,,,,,,,,,,,,,,97.183,,,,,T 97.183,9
262,,,,,81.690,,,1.408,,11.268,2.817,,,,,,2.817,,,,,F 81.690,7
263,,,100.000,,,,,,,,,,,,,,,,,,,D 100.000,9
264,1.471,,,,,,,,,,,,98.529,,,,,,,,,P 98.529,9
265,14.706,,4.412,,,5.882,4.412,,13.235,,,1.471,11.765,1.471,39.706,2.941,,,,,,R 39.706,1
266,1.493,,,,,,,,,,,,97.015,,1.493,,,,,,,P 97.015,9
267,3.077,,13.846,,,81.538,,,,,,,,,,,,1.538,,,,G 81.538,4
268,3.077,,,,,4.615,,,,,,,1.538,,4.615,73.846,12.308,,,,,S 73.846,6
269,2.857,,8.571,,,78.571,,,,,,,4.286,1.429,1.429,2.857,,,,,,G 78.571,2
270,4.286,,1.429,,,12.857,,,,,,,,1.429,78.571,1.429,,,,,,R 78.571,6
271,4.225,,,42.254,,4.225,,,,,,,42.254,1.408,2.817,,2.817,,,,,EP 42.254,3
272,1.408,,2.817,1.408,,1.408,,,,,,,83.099,,,8.451,1.408,,,,,P 83.099,5
273,7.042,,,,,74.648,,,,,,4.225,,1.408,4.225,2.817,5.634,,,,,G 74.648,2
274,,,,,,,,,,95.775,1.408,,1.408,,,,,1.408,,,,L 95.775,8
275,4.225,,1.408,2.817,,1.408,,,2.817,2.817,,,,1.408,78.873,1.408,,2.817,,,,R 78.873,5
276,2.817,,2.817,,,1.408,1.408,,23.944,,,,,,64.789,,2.817,,,,,R 64.789,6
277,98.592,,,,,,,,,,,,,,,,,1.408,,,,A 98.592,9
278,15.493,,,,,,,59.155,,8.451,,,,,,,,16.901,,,,I 59.155,4
279,1.408,,4.225,70.423,,1.408,,,,,,,,4.225,14.085,,4.225,,,,,E 70.423,5
280,11.268,,,,,,,5.634,,61.972,1.408,2.817,,7.042,1.408,,5.634,2.817,,,,L 61.972,1
281,100.000,,,,,,,,,,,,,,,,,,,,,A 100.000,9
282,,,,,,,,1.408,,98.592,,,,,,,,,,,,L 98.592,9
283,59.155,1.408,16.901,4.225,,2.817,,,,,,,,2.817,4.225,1.408,4.225,2.817,,,,A 59.155,2
284,,,84.507,12.676,,,,,,,,,,2.817,,,,,,,,D 84.507,7
285,98.592,,,,,1.408,,,,,,,,,,,,,,,,A 98.592,9
286,4.225,,7.042,5.634,,70.423,1.408,,1.408,,,,,1.408,8.451,,,,,,,G 70.423,1
287,16.901,2.817,,,,,,8.451,,22.535,4.225,,,,4.225,2.817,8.451,29.577,,,,V 29.577,1
288,29.577,,8.451,7.042,,11.268,4.225,,,1.408,,1.408,4.225,,2.817,7.042,21.127,1.408,,,,A 29.577,1
289,22.535,,,,,,,,,,,,77.465,,,,,,,,,P 77.465,3
290,32.394,,19.718,12.676,,18.310,,,,,,,,1.408,2.817,12.676,,,,,,A 32.394,1
291,4.225,,64.789,22.535,,2.817,,,,,,1.408,,1.408,,1.408,1.408,,,,,D 64.789,3
292,,,,,,,,40.845,,,,,,,,,,59.155,,,,V 59.155,5
293,2.817,,92.958,,,4.225,,,,,,,,,,,,,,,,D 92.958,8
294,4.225,,,,,,,,,1.408,,,,,,,,94.366,,,,V 94.366,9
295,,,,,,,,,,2.817,,,,,,,,97.183,,,,V 97.183,9
296,,,,,95.775,,,,,1.408,,,,,,,,,,2.817,,F 95.775,8
297,100.000,,,,,,,,,,,,,,,,,,,,,A 100.000,9
298,,,98.592,,,,,,,,,1.408,,,,,,,,,,D 98.592,9
299,78.873,,,,,21.127,,,,,,,,,,,,,,,,A 78.873,6
300,87.324,1.408,,,,,,,,,2.817,,,,,4.225,,4.225,,,,A 87.324,8
301,40.845,,,,,59.155,,,,,,,,,,,,,,,,G 59.155,6
302,,,5.634,5.634,,,,7.042,,16.901,1.408,,,,,4.225,9.859,49.296,,,,V 49.296,2
303,5.634,,,,,1.408,,,,1.408,,,87.324,,4.225,,,,,,,P 87.324,5
304,12.676,,16.901,61.972,,1.408,1.408,,,,,,1.408,,4.225,,,,,,,E 61.972,3
305,8.451,,,1.408,,,,,,84.507,,,1.408,2.817,1.408,,,,,,,L 84.507,6
306,,,100.000,,,,,,,,,,,,,,,,,,,D 100.000,9
307,8.451,,,,,,,,,2.817,,,,2.817,85.915,,,,,,,R 85.915,7
308,32.394,,,4.225,,,,19.718,,4.225,1.408,,,4.225,,,2.817,30.986,,,,A 32.394,2
309,,,,100.000,,,,,,,,,,,,,,,,,,E 100.000,9
310,90.141,,,,,,,1.408,,,,,,,,1.408,4.225,2.817,,,,A 90.141,8
311,12.676,,22.535,50.704,,,,,,1.408,,,,7.042,5.634,,,,,,,E 50.704,2
312,87.324,,,,,,,,,,,,,,,,2.817,9.859,,,,A 87.324,8
313,,,,,,,,39.437,,50.704,,,,,,,,9.859,,,,L 50.704,2
314,18.310,,,,,7.042,,1.408,,,,11.268,,,9.859,8.451,35.211,8.451,,,,T 35.211,1
315,40.845,,4.225,18.310,,12.676,,,5.634,,,,,1.408,12.676,,4.225,,,,,A 40.845,1
316,,,,2.817,,,,2.817,,14.085,,,,,,,,80.282,,,,V 80.282,7
317,,,,,100.000,,,,,,,,,,,,,,,,,F 100.000,9
318,,,,,,100.000,,,,,,,,,,,,,,,,G 100.000,9
319,25.352,,,1.408,,1.408,,1.408,,1.408,,,56.338,,5.634,1.408,4.225,1.408,,,,P 56.338,1
320,2.817,1.408,,,,12.676,7.042,,,1.408,,1.408,,2.817,57.746,1.408,,,,11.268,,R 57.746,2
321,16.901,,,1.408,,74.648,,,,,,1.408,,1.408,4.225,,,,,,,G 74.648,2
322,,,,,,,,,,2.817,,,,,,,,97.183,,,,V 97.183,9
323,1.408,,,,,,,,,,1.408,,95.775,,1.408,,,,,,,P 95.775,8
324,,,,,,,,1.408,,,,,,,,,,98.592,,,,V 98.592,9
325,4.225,,,,,,,,,,,,,,,5.634,90.141,,,,,T 90.141,8
326,76.056,,,,,,,1.408,,,,,,,,,,22.535,,,,A 76.056,6
327,,,,,,,,,,,,,100.000,,,,,,,,,P 100.000,9
328,,,,,,,,,98.592,,,,,1.408,,,,,,,,K 98.592,9
329,7.042,,,,,,,,,,,,,,,5.634,87.324,,,,,T 87.324,8
330,2.817,,,,,,,,,5.634,85.915,,,2.817,,1.408,1.408,,,,,M 85.915,8
331,,,,,,,,4.225,,,,,,,,,94.366,1.408,,,,T 94.366,9
332,,,,,,100.000,,,,,,,,,,,,,,,,G 100.000,9
333,,,,,,,,,,,,,,,98.592,1.408,,,,,,R 98.592,9
334,,,,,,,,1.408,,95.775,1.408,,1.408,,,,,,,,,L 95.775,8
335,4.225,2.817,,,1.408,5.634,1.408,,,12.676,,4.225,,1.408,,7.042,1.408,,,57.746,,Y 57.746,2
336,42.254,,,,,1.408,,,,,,,,,,56.338,,,,,,S 56.338,8
337,,,,,,100.000,,,,,,,,,,,,,,,,G 100.000,9
338,50.704,,,,,46.479,,,,,,,,,,1.408,1.408,,,,,A 50.704,6
339,83.099,,,,,14.085,,,,,,,,,,2.817,,,,,,A 83.099,7
340,30.986,,,,,,,,,,,,52.113,,,16.901,,,,,,P 52.113,5
341,,,,,,,,1.408,,88.732,,,,,,,,9.859,,,,L 88.732,9
342,,,98.592,,,,,,,,,,,1.408,,,,,,,,D 98.592,9
343,,,,,,,,,,54.930,,,,,,,1.408,43.662,,,,L 54.930,5
344,83.099,,,,,,,,,,,,,,,,1.408,15.493,,,,A 83.099,8
345,47.887,1.408,,,,2.817,,,,,,1.408,,,,4.225,40.845,,1.408,,,A 47.887,3
346,98.592,,,,,,,,,,,,,,,,,1.408,,,,A 98.592,9
347,,4.225,,,16.901,,,,,67.606,,,,,,,,11.268,,,,L 67.606,6
348,,,,,,,,,,98.592,1.408,,,,,,,,,,,L 98.592,9
349,61.972,2.817,,,,,,,,,,,,,,29.577,4.225,1.408,,,,A 61.972,5
350,,,,,,,,35.211,,36.620,23.944,,,,,,,4.225,,,,L 36.620,4
351,1.408,,4.225,5.634,,1.408,1.408,,1.408,,,2.817,,,81.690,,,,,,,R 81.690,7
352,,,61.972,32.394,,,5.634,,,,,,,,,,,,,,,D 61.972,5
353,2.817,1.408,1.408,1.408,,71.831,,,2.817,,,,,8.451,1.408,8.451,,,,,,G 71.831,1
354,1.408,,,2.817,,,,1.408,,26.761,,,,,2.817,2.817,2.817,59.155,,,,V 59.155,5
355,,,,,,,,73.239,,5.634,,,,,,,,21.127,,,,I 73.239,6
356,,,,,,,,,,,,,100.000,,,,,,,,,P 100.000,9
357,7.042,,,,,,1.408,,,,,,88.732,2.817,,,,,,,,P 88.732,7
358,4.225,,,,,,,1.408,,,,,,,,11.268,81.690,1.408,,,,T 81.690,8
359,15.493,,,,,,,5.634,,2.817,,,4.225,,,,15.493,56.338,,,,V 56.338,2
360,,,2.817,,,15.493,29.577,,,,,50.704,,1.408,,,,,,,,N 50.704,4
361,1.408,,,,,,,11.268,,1.408,,,,,,1.408,15.493,69.014,,,,V 69.014,5
362,2.857,,4.286,27.143,,4.286,1.429,,1.429,2.857,,,,,22.857,14.286,18.571,,,,,E 27.143,1
363,1.429,,,1.429,1.429,4.286,,,,15.714,,,67.143,1.429,1.429,1.429,,4.286,,,,P 67.143,1
364,39.437,1.408,11.268,2.817,,2.817,,,,,1.408,,1.408,1.408,4.225,23.944,,9.859,,,,A 39.437,1
365,19.718,,14.085,8.451,,1.408,4.225,2.817,,1.408,,,39.437,,1.408,1.408,1.408,2.817,,1.408,,P 39.437,1
366,11.268,,18.310,26.761,,21.127,1.408,,,,,,5.634,,11.268,2.817,1.408,,,,,E 26.761,1
367,1.429,7.143,5.714,,1.429,,11.429,,,7.143,,,1.429,,2.857,,,,,61.429,,Y 61.429,2
368,12.676,,22.535,12.676,,23.944,,,,2.817,,,8.451,8.451,5.634,2.817,,,,,,G 23.944,1
369,,,,,,,,23.944,,69.014,,,,,,,,7.042,,,,L 69.014,4
370,,,97.183,1.408,,,,,,,,,,1.408,,,,,,,,D 97.183,9
371,,,,,,,,,,97.183,,,,,,,,2.817,,,,L 97.183,9
372,,,,,,,,1.408,,,,,,,,,,98.592,,,,V 98.592,9
373,1.408,1.408,,1.408,,1.408,,,,4.225,,,,,5.634,1.408,52.113,30.986,,,,T 52.113,2
374,14.085,,,18.310,,5.634,4.225,,,,,,1.408,26.761,21.127,4.225,4.225,,,,,Q 26.761,1
375,18.310,,,8.451,,,,,,,,,67.606,,,2.817,1.408,1.408,,,,P 67.606,3
376,,,,,,,,,,1.408,,,,,98.592,,,,,,,R 98.592,9
377,12.676,,4.225,12.676,,,2.817,,1.408,,,,26.761,2.817,9.859,2.817,21.127,2.817,,,,P 26.761,1
378,64.789,,,1.408,,4.225,,,2.817,9.859,1.408,,,,5.634,1.408,5.634,2.817,,,,A 64.789,3
379,5.634,,2.817,11.268,,1.408,,,1.408,,,,38.028,2.817,18.310,9.859,8.451,,,,,P 38.028,1
380,1.408,,,,,2.817,,2.817,,33.803,1.408,,,,,,2.817,54.930,,,,V 54.930,3
381,4.225,2.817,5.634,,,7.042,1.408,,,,,2.817,,,67.606,7.042,1.408,,,,,R 67.606,3
382,18.310,,,,,,5.634,,,,,2.817,,,2.817,19.718,43.662,5.634,,1.408,,T 43.662,2
383,92.958,,,,,,,,,,,,,,,,,7.042,,,,A 92.958,9
384,,,,,,,,,,97.183,,,,,,,,2.817,,,,L 97.183,9
385,,,,,,,,4.225,,,,,,,,,,95.775,,,,V 95.775,9
386,,,,,,,,11.268,,71.831,,,,,,,,16.901,,,,L 71.831,3
387,100.000,,,,,,,,,,,,,,,,,,,,,A 100.000,9
388,,,,,,,,,,,,,,,100.000,,,,,,,R 100.000,9
389,,,,,,100.000,,,,,,,,,,,,,,,,G 100.000,9
390,,,,2.817,7.042,,49.296,,,1.408,1.408,1.408,,4.225,7.042,,,1.408,,23.944,,H 49.296,1
391,1.429,,1.429,1.429,,87.143,1.429,,,,,2.857,,1.429,1.429,1.429,,,,,,G 87.143,5
392,,,,,,100.000,,,,,,,,,,,,,,,,G 100.000,9
393,,,,,97.183,,,,,,,1.408,,,,,,,,1.408,,F 97.183,9
394,1.408,,,,,,,,,,,98.592,,,,,,,,,,N 98.592,9
395,25.352,,,,,,,,,,,,,,,74.648,,,,,,S 74.648,8
396,100.000,,,,,,,,,,,,,,,,,,,,,A 100.000,9
397,14.085,,,,,,,,,22.535,30.986,,,,,,4.225,28.169,,,,M 30.986,3
398,1.408,,,,,,,4.225,,4.225,,,,,,,,90.141,,,,V 90.141,8
399,,,,,,,,,,21.127,,,,,,,,78.873,,,,V 78.873,7
400,1.408,,,,,2.817,,,,,,,,2.817,69.014,2.817,21.127,,,,,R 69.014,5
401,50.704,,2.817,2.817,,9.859,,,2.817,,,1.408,,,14.085,12.676,1.408,,,,1.40845070422535,A 50.704,1
402,28.788,1.515,1.515,4.545,,1.515,1.515,,,1.515,,1.515,19.697,3.030,6.061,1.515,7.576,18.182,,,1.51515151515152,A 28.788,1
403,9.677,,20.968,3.226,,8.065,14.516,,,1.613,,6.452,1.613,1.613,19.355,4.839,4.839,1.613,,1.613,,D 20.968,1
404,11.538,,11.538,7.692,,11.538,3.846,,11.538,,,3.846,19.231,,3.846,7.692,7.692,,,,,P 19.231,1
405,6.250,,,12.500,6.250,18.750,6.250,,6.250,,,6.250,,12.500,18.750,6.250,,,,,,GR 18.750,1
406,,,21.429,7.143,,7.143,7.143,,7.143,,,7.143,7.143,7.143,7.143,7.143,7.143,7.143,,,,D 21.429,1
407,10.000,,,,,10.000,,,10.000,,,,,,30.000,20.000,,20.000,,,,R 30.000,1
408,25.000,,12.500,,12.500,12.500,,,,,,,,,12.500,12.500,12.500,,,,,A 25.000,1
409,33.333,,16.667,,,,16.667,,,,,,,,33.333,,,,,,,AR 33.333,1
